<?xml version="1.0" encoding="utf-8"?>
<!DOCTYPE hibernate-configuration PUBLIC
        "-//Hibernate/Hibernate Configuration DTD 3.0//EN"
        "http://www.hibernate.org/dtd/hibernate-configuration-3.0.dtd">

<hibernate-configuration>
    <session-factory>
        <property name="hibernate.dialect">org.hibernate.dialect.MySQLDialect</property>
        <property name="hibernate.connection.driver_class">com.mysql.cj.jdbc.Driver</property>
        <property name="hibernate.connection.url">jdbc:mysql://localhost/kurs</property>
        <property name="hibernate.connection.username">root</property>
        <property name="hibernate.connection.password">12345</property>
        <property name="hibernate.hbm2ddl.auto">update</property>
        <property name="show_sql">false</property>
        <property name="hibernate.current_session_context_class">thread</property>

        <mapping class="Factory.model.Person"/>
        <mapping class="Factory.model.Manager"/>
        <mapping class="Factory.model.Employee"/>
        <mapping class="Factory.model.Specialisation"/>
        <mapping class="Factory.model.Client"/>
        <mapping class="Factory.model.Contract"/>

    </session-factory>
</hibernate-configuration>